UPI_ID,is_suspicious
9845937745@okybl,0
2329798667@okybl,0
1528653316@oksbi,0
4633654150@okybl,0
4335494849@oksbi,0
9151906606@okybl,0
3722792817@okybl,0
0797407174@okybl,0
9098106871@okicici,0
4574184542@okaxis,0
0338679602@oksbi,0
4243338453@okicici,0
9809938748@okicici,0
7463333437@okhdfcbank,0
6252628232@okhdfcbank,0
9720278423@oksbi,0
6390007240@okybl,0
8441244928@okybl,0
3107620831@okhdfcbank,0
1446601862@okhdfcbank,0
8231775166@okhdfcbank,0
5244558618@oksbi,0
3028129563@okhdfcbank,0
3208853641@okybl,0
6516738482@okybl,0
0881420090@okaxis,0
9876612838@okaxis,0
3056659621@okicici,0
5705782401@okybl,0
3660029887@okybl,0
8013364476@oksbi,0
1331331364@okybl,0
5291844820@okhdfcbank,0
5537226102@okaxis,0
5014697640@okybl,0
0846194083@okybl,0
6810309368@okhdfcbank,0
2573405370@okhdfcbank,0
0994880172@okaxis,0
4109934643@okhdfcbank,0
5552406857@okybl,0
5553556984@oksbi,0
9953008852@okicici,0
2842934636@okybl,0
3804878853@oksbi,0
9993700169@okybl,0
8736594542@okybl,0
8557779078@okaxis,0
2239734805@oksbi,0
5579497023@okicici,0
3072710773@okybl,0
0378580206@okhdfcbank,0
1570648598@okaxis,0
1925026074@okaxis,0
9488467651@okybl,0
3246347617@oksbi,0
3676327128@okybl,0
6698469329@okybl,0
8057330920@oksbi,0
7347638593@okaxis,0
1781070266@oksbi,0
1028880377@okybl,0
2310046011@okhdfcbank,0
8420061883@okicici,0
8746222631@okybl,0
6566094186@oksbi,0
6167342523@okybl,0
8906465990@okhdfcbank,0
1495082481@oksbi,0
4538096671@okhdfcbank,0
3736482641@okhdfcbank,0
6898542101@okhdfcbank,0
0732271530@okybl,0
4898180527@okhdfcbank,0
5793888677@okaxis,0
4321286423@okybl,0
6472316221@oksbi,0
8750577269@okicici,0
9121238102@okhdfcbank,0
2804274906@okaxis,0
5938904995@okybl,0
0985258405@okaxis,0
3170743230@okhdfcbank,0
0205147069@okhdfcbank,0
8923848538@okhdfcbank,0
7018842771@okhdfcbank,0
2928449975@okybl,0
3574952148@okybl,0
3745221921@okybl,0
7024829873@okicici,0
6623476068@okaxis,0
5306445590@okaxis,0
5527974525@okaxis,0
3833152647@okaxis,0
2401444410@okaxis,0
7172844630@okybl,0
3624798403@oksbi,0
1659272501@okicici,0
3871954853@okybl,0
4739121093@okhdfcbank,0
6528937030@okhdfcbank,0
7685201801@okicici,0
4041192495@okybl,0
2468802700@okhdfcbank,0
8202041700@okicici,0
3849782482@okaxis,0
1706789036@okhdfcbank,0
0281796704@oksbi,0
4133254627@okaxis,0
3968859280@oksbi,0
9784171540@oksbi,0
9099618827@okicici,0
9294628620@okicici,0
4076441660@oksbi,0
1963895340@oksbi,0
1946435007@okhdfcbank,0
5518376272@okybl,0
4591938420@okybl,0
6280086816@okicici,0
2813198284@oksbi,0
1997640588@okhdfcbank,0
0970417415@okaxis,0
5468320947@oksbi,0
5406686306@okhdfcbank,0
4034902517@okaxis,0
4865545371@okicici,0
2995794956@okicici,0
8812138873@okicici,0
4870019179@okybl,0
6563486398@okaxis,0
3430838626@oksbi,0
8600598247@okybl,0
2602864361@okicici,0
4488458759@okybl,0
1211629045@okaxis,0
5576002311@oksbi,0
5184376723@oksbi,0
4103482423@okybl,0
1539199992@oksbi,0
1400702301@okhdfcbank,0
1136147669@oksbi,0
0851187428@okhdfcbank,0
6280340024@okaxis,0
0435674353@oksbi,0
1194857592@okybl,0
1302246543@okybl,0
3665490966@okhdfcbank,0
6874182350@okaxis,0
2073955952@oksbi,0
7459432019@okhdfcbank,0
1345377754@oksbi,0
1695726240@okicici,0
5847543259@oksbi,0
8836773378@oksbi,0
4871618012@oksbi,0
5180582713@okicici,0
6701403005@okaxis,0
4863779338@okybl,0
3397623932@okaxis,0
7076988442@okybl,0
7638623401@okybl,0
9275903167@okicici,0
3232105674@oksbi,0
0046071051@oksbi,0
5337204936@okicici,0
0905956885@oksbi,0
3356844739@okybl,0
8574945877@okhdfcbank,0
2624218980@okicici,0
2763826678@oksbi,0
2449948138@okhdfcbank,0
8104819159@okybl,0
4879596432@okaxis,0
0503592673@okhdfcbank,0
6656838263@okhdfcbank,0
0186215382@okicici,0
2375028218@okicici,0
4543400035@okaxis,0
7389087707@okicici,0
8535051337@oksbi,0
3677675970@oksbi,0
1572724981@oksbi,0
8915275740@oksbi,0
4476337584@okhdfcbank,0
0295344432@okybl,0
2665817032@okybl,0
1969952198@oksbi,0
9476094775@okhdfcbank,0
6351523389@okhdfcbank,0
9844431982@okhdfcbank,0
0127455892@okybl,0
2462635115@okybl,0
4544671403@okaxis,0
5103963515@oksbi,0
1420436934@okaxis,0
9157276890@okicici,0
0469821586@okaxis,0
6660436302@okicici,0
3648110779@okaxis,0
2965512251@okhdfcbank,0
1093951073@oksbi,0
4671392182@okybl,0
6142902456@oksbi,0
4564417246@okaxis,0
8016569457@okhdfcbank,0
7828685531@okaxis,0
8586902647@okicici,0
5345296637@oksbi,0
1409736971@okaxis,0
3836566464@okhdfcbank,0
7034908901@okhdfcbank,0
9950715256@oksbi,0
9093727164@okybl,0
0509129844@okybl,0
2141278476@okaxis,0
4010996215@okybl,0
2852894881@okicici,0
5830282113@okaxis,0
5438757524@okicici,0
2674507042@okhdfcbank,0
0406146044@okhdfcbank,0
2441876853@okaxis,0
7870974702@okaxis,0
2287460203@okicici,0
8968591978@okicici,0
4255318676@okhdfcbank,0
3123033891@okaxis,0
8334904296@okicici,0
6762786934@oksbi,0
0843515089@okicici,0
3536950826@okybl,0
1770638045@okaxis,0
7616681096@okybl,0
6552711173@okicici,0
9208680628@okhdfcbank,0
7956545790@okybl,0
7277823410@okicici,0
1535668457@okaxis,0
2575877412@okaxis,0
1796945527@okicici,0
1970807862@oksbi,0
3140040165@okhdfcbank,0
7372313651@oksbi,0
1950132192@okybl,0
8133060354@okicici,0
8908837379@okaxis,0
1822603780@okybl,0
9767981896@oksbi,0
8075527047@okicici,0
1772581333@oksbi,0
1598799593@okhdfcbank,0
4567807036@oksbi,0
3135502912@okybl,0
5353961984@okaxis,0
2647723902@oksbi,0
4063241105@okaxis,0
2990345157@oksbi,0
4746405874@okicici,0
5325265347@okaxis,0
3173202042@okybl,0
2295802222@okicici,0
2135636740@okhdfcbank,0
0415111674@okicici,0
9614910212@okicici,0
0982261248@oksbi,0
3470805227@okhdfcbank,0
5381484149@oksbi,0
0462616770@okicici,0
1170047596@okybl,0
4381334435@okybl,0
8114658068@okaxis,0
1505019996@oksbi,0
4253085716@okhdfcbank,0
8755396939@oksbi,0
9012797353@okicici,0
8489658592@oksbi,0
3848601952@okhdfcbank,0
4181999157@okicici,0
0972266688@okybl,0
5294559147@oksbi,0
1176434262@oksbi,0
1013933291@okhdfcbank,0
6518164688@oksbi,0
0217532579@okicici,0
4365707349@okybl,0
0948379856@okicici,0
9443284012@okhdfcbank,0
6143115426@okaxis,0
3826324459@okybl,0
7612757328@oksbi,0
0385561234@oksbi,0
5768730245@okybl,0
1479339861@okicici,0
8482699080@okybl,0
2089793499@oksbi,0
5244369960@okicici,0
1223824521@oksbi,0
0603600539@okhdfcbank,0
6873670590@oksbi,0
2705878601@oksbi,0
7521488982@okaxis,0
9264045632@oksbi,0
6792756309@oksbi,0
7559140324@okicici,0
0074814259@okybl,0
6711673454@okhdfcbank,0
5292375456@okicici,0
1229522278@okaxis,0
2475989834@okaxis,0
0877637861@okhdfcbank,0
1240412478@okhdfcbank,0
0805075271@oksbi,0
4730652739@oksbi,0
9785860828@oksbi,0
1362608535@okybl,0
7410554336@okaxis,0
9932809090@okybl,0
1063010838@okaxis,0
5885076621@okicici,0
0543096709@oksbi,0
6667241487@okaxis,0
6321497855@okhdfcbank,0
1193762349@oksbi,0
4726181930@okicici,0
2373235918@okicici,0
7617569102@okicici,0
4430323664@okybl,0
3559104422@okicici,0
8177747026@oksbi,0
4736506007@okybl,0
2303569253@okybl,0
3530841200@okicici,0
5092413326@okaxis,0
1500648515@okaxis,0
9314080901@okicici,0
4696217142@okaxis,0
9810396499@okicici,0
1345113433@okaxis,0
0518391082@okaxis,0
8223200433@okicici,0
4679741838@oksbi,0
3879896652@oksbi,0
8442060461@okicici,0
2220403129@okybl,0
7627729176@okhdfcbank,0
0825363901@okybl,0
2757083193@okhdfcbank,0
1357918998@oksbi,0
3175314518@okybl,0
7369869661@okybl,0
1091977721@oksbi,0
2085601114@okaxis,0
9333991645@okicici,0
1977143985@okybl,0
3138253719@okaxis,0
9703943220@okhdfcbank,0
6797343390@okhdfcbank,0
9726023810@oksbi,0
9401099675@okaxis,0
0338057199@okaxis,0
3561474796@okicici,0
9591595004@okybl,0
1955948456@okaxis,0
2761292584@okicici,0
2102920808@oksbi,0
2937412993@okicici,0
1024707953@okaxis,0
3366114259@okhdfcbank,0
3460237639@okhdfcbank,0
9297379468@okicici,0
3403458963@okaxis,0
5160039046@okicici,0
3948038007@oksbi,0
2141499254@okicici,0
1033788927@okaxis,0
0532175823@okicici,0
7108491641@okicici,0
7867042849@okicici,0
1763169295@okicici,0
7685642396@okybl,0
6819166195@okicici,0
8562122542@okybl,0
1466166323@okybl,0
2528739271@okicici,0
7128935937@okaxis,0
1951452789@okaxis,0
7077449872@okicici,0
7654339559@okaxis,0
8453326218@okicici,0
8857101383@okhdfcbank,0
1392311729@okicici,0
1692904811@okicici,0
9259835976@okaxis,0
4252024363@okicici,0
4921241759@oksbi,0
3185953616@okhdfcbank,0
4570732338@okybl,0
9502039998@okaxis,0
0582637664@oksbi,0
6383164513@okaxis,0
0996494836@okhdfcbank,0
8032266699@okicici,0
4912338039@oksbi,0
6502239601@okicici,0
3596774231@okicici,0
2007338440@okybl,0
3650694221@okhdfcbank,0
2578329298@okicici,0
0478452850@oksbi,0
5297292544@okaxis,0
1241072015@oksbi,0
1906854680@okhdfcbank,0
1391606006@okhdfcbank,0
2532387543@okhdfcbank,0
8594110729@okybl,0
7712380099@okhdfcbank,0
9392498847@okaxis,0
1549363662@okicici,0
2193481681@okybl,0
9092936660@okicici,0
4003625325@okicici,0
2587110868@oksbi,0
5155432084@okhdfcbank,0
8107448563@okhdfcbank,0
7235866845@okybl,0
2767535028@oksbi,0
4668696382@okybl,0
7299112900@oksbi,0
0522254073@okhdfcbank,0
4409139214@oksbi,0
9730472650@okaxis,0
3461228485@okaxis,0
4492709701@okaxis,0
0637808161@okhdfcbank,0
1920808776@oksbi,0
4567400578@okicici,0
4144374197@oksbi,0
6997871526@okybl,0
2866805044@okhdfcbank,0
7284432592@okicici,0
6680340912@okybl,0
1532341750@okybl,0
1016813295@okicici,0
3557102629@okicici,0
4797228733@okicici,0
9359833565@oksbi,0
2272940800@okybl,0
8347576235@okicici,0
0595448518@oksbi,0
6267695113@okhdfcbank,0
3656715824@oksbi,0
4470551109@okicici,0
3980787671@okaxis,0
6697865890@oksbi,0
8237644816@okybl,0
3969824584@oksbi,0
5211640846@okaxis,0
9046856453@okicici,0
4480875306@okybl,0
5319587591@okicici,0
4668699489@oksbi,0
8073467732@okicici,0
5454057781@okaxis,0
7255298546@okhdfcbank,0
4950994660@okicici,0
1488336383@okicici,0
3537959865@okicici,0
2138312809@okaxis,0
4937723416@okicici,0
4337541892@okaxis,0
0903957609@oksbi,0
2364175922@okaxis,0
5382972562@okaxis,0
3167839857@okicici,0
0017185135@oksbi,0
8135940653@okybl,0
4487535719@okicici,0
5063530356@oksbi,0
3702138196@okaxis,0
1943928738@okaxis,0
6803116101@okicici,0
8313493104@oksbi,0
8823208186@oksbi,0
1293426041@okybl,0
7974137724@okhdfcbank,0
8315559003@okybl,0
8286897884@okybl,0
4780418075@okybl,0
9482317970@oksbi,0
7318022545@okaxis,0
2077517385@oksbi,0
7837068615@okicici,0
1848691949@okicici,0
0278838090@oksbi,0
9783294548@okhdfcbank,0
3683676157@oksbi,0
1085626417@okaxis,0
0067193150@okhdfcbank,0
0721987721@okicici,0
5764250189@okhdfcbank,0
3791981364@okhdfcbank,0
7041132054@okhdfcbank,0
0600159886@oksbi,0
2437893415@okhdfcbank,0
0865973130@okicici,0
2598130823@okicici,0
4818458156@okhdfcbank,0
5736007692@okaxis,0
0071316576@okybl,0
7753426454@okybl,0
2725859953@okhdfcbank,0
2288324828@okaxis,0
4497017381@okybl,0
9057215842@okaxis,0
0212242575@oksbi,0
8268663804@oksbi,0
0375473489@oksbi,0
5007886465@okhdfcbank,0
9037446034@oksbi,0
8598877316@okhdfcbank,0
2184914423@okicici,0
4496409587@oksbi,0
3196162764@oksbi,0
2135180764@oksbi,0
5996129233@okicici,0
4866963756@okhdfcbank,0
0923783909@okaxis,0
7283045471@okicici,0
2950915576@okhdfcbank,0
6710311823@okybl,0
7590543708@okybl,0
0874492315@okybl,0
2330283256@okaxis,0
3438824583@okhdfcbank,0
0813322004@okaxis,0
2862802160@okhdfcbank,0
5561750978@okaxis,0
1469816271@okaxis,0
4734773416@okicici,0
2734570127@okybl,0
5643595252@okhdfcbank,0
1975704116@oksbi,0
7164137631@okybl,0
6821360408@okybl,0
3333628130@okybl,0
0328240969@okicici,0
0216821354@oksbi,0
0992351236@okicici,0
3243348930@okaxis,0
9335924389@okaxis,0
3673981584@okicici,0
2670856263@okaxis,0
0271448685@okhdfcbank,0
1633661498@okhdfcbank,0
6631247695@okybl,0
7923405193@okaxis,0
1410480288@okhdfcbank,0
9640873387@okicici,0
6827243693@okybl,0
8292345929@okicici,0
4047387614@okaxis,0
2601378232@okhdfcbank,0
0524876732@okicici,0
0106480124@okhdfcbank,0
4358999143@okicici,0
4330002449@oksbi,0
0890046737@oksbi,0
1021116268@okybl,0
3904225326@okaxis,0
4612398594@oksbi,0
1248158091@okaxis,0
8284548667@oksbi,0
4974706081@okhdfcbank,0
4387878239@okicici,0
0910590261@okhdfcbank,0
0993866126@okaxis,0
1490950490@oksbi,0
3784498244@okaxis,0
6843297755@okicici,0
4849929084@okybl,0
8904719698@okhdfcbank,0
5237874245@okicici,0
6777238452@okaxis,0
9058370545@okhdfcbank,0
7041957621@okaxis,0
5811498513@okaxis,0
6469961712@okhdfcbank,0
2246623650@okaxis,0
4114871901@okaxis,0
8100657180@oksbi,0
3188204843@okicici,0
1794447656@oksbi,0
7740784974@oksbi,0
3291269218@okybl,0
6096692204@okaxis,0
3821796864@okybl,0
8142446920@okybl,0
9025497687@okaxis,0
1336355019@okybl,0
6996608076@oksbi,0
9660715210@oksbi,0
4741975955@okybl,0
7704663274@okybl,0
6090450630@okicici,0
4378998477@okybl,0
5316227656@okaxis,0
9092430046@okhdfcbank,0
3258000261@okicici,0
7314082973@okicici,0
8252259912@okaxis,0
5467780475@okybl,0
9975330374@okybl,0
1894723269@okybl,0
8910462397@okybl,0
0209736910@okicici,0
6903315269@okaxis,0
0887785283@oksbi,0
2955641957@okicici,0
5016991408@okybl,0
6074050954@okybl,0
0813935004@okaxis,0
6468885805@okaxis,0
9096661891@okaxis,0
8456655422@okybl,0
2751076924@okhdfcbank,0
8296036861@okicici,0
1775039235@okaxis,0
1205945466@okybl,0
9620259610@okaxis,0
8917345014@oksbi,0
8985072012@okicici,0
7136498363@okybl,0
5531675972@okaxis,0
9224354996@okybl,0
2858106221@oksbi,0
4647262520@okicici,0
8884268107@okicici,0
9299620382@oksbi,0
9286055611@okicici,0
8917921650@okybl,0
4548667349@okhdfcbank,0
7070706473@okybl,0
0264692421@oksbi,0
0219497718@oksbi,0
5317114555@okaxis,0
8834991115@okhdfcbank,0
1892250554@okicici,0
7236133296@oksbi,0
9173149441@okybl,0
3685436445@okaxis,0
6646875948@okicici,0
0927877571@okhdfcbank,0
8743970936@okaxis,0
3382655406@okicici,0
9563368079@okhdfcbank,0
8563224108@okaxis,0
7727571332@okicici,0
1566600885@okicici,0
7862865165@okhdfcbank,0
5274775334@okybl,0
0606440453@okhdfcbank,0
0454267240@oksbi,0
8066504605@okaxis,0
3532702752@okybl,0
0824984329@oksbi,0
9129540262@oksbi,0
5488147231@okybl,0
1631163096@okhdfcbank,0
7680289458@okaxis,0
1687835633@okaxis,0
6434017462@okaxis,0
6158138807@okhdfcbank,0
2349326578@oksbi,0
5030173206@okicici,0
3623156450@oksbi,0
0583871418@okybl,0
0574147281@oksbi,0
2639191395@oksbi,0
6985797819@okicici,0
8231390529@okhdfcbank,0
8635820861@okybl,0
7641417668@okhdfcbank,0
6174334235@okaxis,0
1762863610@okaxis,0
7360540220@oksbi,0
0042833785@okicici,0
4414529358@okhdfcbank,0
1176383390@okaxis,0
0738326161@okybl,0
1181503731@okhdfcbank,0
1939405823@okicici,0
2675105471@okicici,0
6345109240@okicici,0
6034749463@okaxis,0
2908236353@okybl,0
2288078376@okaxis,0
5741306367@oksbi,0
0907689146@okaxis,0
2109405017@okicici,0
5942588030@okaxis,0
7974001721@okybl,0
3231072451@oksbi,0
5700869073@okhdfcbank,0
4484509908@oksbi,0
7910416393@oksbi,0
9526744143@okaxis,0
8059500176@okhdfcbank,0
1773984215@okhdfcbank,0
0779211025@okybl,0
6706289274@okicici,0
4811631775@okaxis,0
8031783012@okybl,0
1011454822@okybl,0
4251446759@oksbi,0
3300041580@okhdfcbank,0
0840982695@oksbi,0
3947052963@okybl,0
3188077697@okhdfcbank,0
6772041744@okybl,0
2326443862@okhdfcbank,0
7567741566@okicici,0
7495904326@okicici,0
0708736734@okaxis,0
8500458292@okicici,0
4978907652@oksbi,0
9356284674@okybl,0
4233869839@okicici,0
6470323415@oksbi,0
2979772891@okaxis,0
5261944274@okicici,0
0720874753@okaxis,0
7747655583@okhdfcbank,0
9064241023@okybl,0
0872132176@okhdfcbank,0
7699270120@oksbi,0
2269044243@okybl,0
7712798473@okaxis,0
8949817804@okhdfcbank,0
7045877092@okicici,0
2548007495@okaxis,0
1716862719@okhdfcbank,0
8813153259@oksbi,0
6351652060@okybl,0
6259232204@okybl,0
2891356389@okhdfcbank,0
6171444010@oksbi,0
2465245497@oksbi,0
7683454560@okaxis,0
5952291478@okhdfcbank,0
0079090300@okaxis,0
3856607212@okaxis,0
8473355775@okicici,0
2111225033@okicici,0
0517624787@okicici,0
6034121953@okybl,0
5231780466@oksbi,0
2441611299@oksbi,0
8058071774@okaxis,0
2371868713@oksbi,0
6333923017@okybl,0
9617239363@okicici,0
0098135752@oksbi,0
4214589344@okybl,0
7676814496@okicici,0
3821504945@oksbi,0
6006332754@okicici,0
1592364433@okicici,0
4377662815@okaxis,0
3878986472@okhdfcbank,0
5218699928@okicici,0
1014221976@okybl,0
1498236388@okybl,0
8079875089@okybl,0
2794983523@okybl,0
1637805486@okybl,0
0881426922@okicici,0
3092597604@okhdfcbank,0
5905344137@okicici,0
1813832770@okybl,0
9839722108@okaxis,0
4267332816@oksbi,0
0553260273@okybl,0
6908948036@oksbi,0
5826134954@okybl,0
8588132295@okhdfcbank,0
2832979249@okhdfcbank,0
0146835809@okybl,0
2156159867@okicici,0
2185048499@okaxis,0
5031442088@oksbi,0
7460253681@oksbi,0
7656416443@okybl,0
1884708567@okhdfcbank,0
5516052009@okicici,0
8307656219@okicici,0
5273260614@oksbi,0
4672090377@oksbi,0
9274112002@oksbi,0
2654164381@oksbi,0
5269895033@okybl,0
8228249140@oksbi,0
9334092753@okaxis,0
0351725379@oksbi,0
9066412262@oksbi,0
9599971993@okicici,0
2934870970@oksbi,0
8994189578@okybl,0
0824586254@oksbi,0
6993379426@okaxis,0
0389901687@okybl,0
0543457610@okaxis,0
7872092705@okhdfcbank,0
4750212376@oksbi,0
8894716510@oksbi,0
4069198509@oksbi,0
5089047536@oksbi,0
8084750354@okicici,0
3250159987@okybl,0
3237592515@okicici,0
4257762240@okhdfcbank,0
3625794937@okicici,0
2106573656@oksbi,0
0988739822@oksbi,0
5334037802@okybl,0
7489333999@okhdfcbank,0
6348447507@okicici,0
3328279574@okhdfcbank,0
2458793222@okaxis,0
0569300982@okaxis,0
2606165966@okhdfcbank,0
5086771673@okaxis,0
5863567874@okhdfcbank,0
4165629018@okaxis,0
2825774999@oksbi,0
8579034781@okaxis,0
7349762584@okaxis,0
5127520047@okhdfcbank,0
4839529506@okhdfcbank,0
2418524973@okicici,0
1044579523@okaxis,0
2677492476@okhdfcbank,0
6840868692@okybl,0
9317976466@okicici,0
7139145427@okhdfcbank,0
7472452240@okaxis,0
1837509242@okaxis,0
3639986231@okicici,0
1430266196@okaxis,0
7874724720@okicici,0
7134288534@okicici,0
4898817691@okybl,0
4309441350@okhdfcbank,0
1596029697@okaxis,0
4377416309@okicici,0
7280758400@okaxis,0
5245672729@okybl,0
6404722719@okaxis,0
9261464580@okicici,0
1876063080@okaxis,0
2578139935@okaxis,0
6526830321@okaxis,0
7312106291@oksbi,0
8061409294@oksbi,0
1500832688@okhdfcbank,0
6679465768@okaxis,0
4091269779@okhdfcbank,0
7542284566@okybl,0
3185114883@okaxis,0
7101152569@okicici,0
4763420675@okybl,0
5155380551@okicici,0
6785551429@okybl,0
9520179579@oksbi,0
7986359740@okicici,0
7175803954@okhdfcbank,0
9788261228@okybl,0
1112447013@okaxis,0
4430520060@oksbi,0
6283009447@okicici,0
7098313719@okybl,0
4858442457@okicici,0
5294770217@okicici,0
1973003949@okybl,0
6315350643@oksbi,0
7834651873@oksbi,0
8560484852@oksbi,0
7378485468@oksbi,0
9749485107@okybl,0
0639907791@okhdfcbank,0
1781022668@okicici,0
4528309647@okhdfcbank,0
1942611767@okybl,0
9138246089@okhdfcbank,0
4428325906@okicici,0
6801033749@okaxis,0
7828138223@okaxis,0
7934118694@okhdfcbank,0
0214822935@okybl,0
3437725529@oksbi,0
5749624020@okybl,0
8952003220@okicici,0
6232052858@okybl,0
5337860185@okaxis,0
6369271594@okybl,0
8403211891@okicici,0
7696068832@okybl,0
9704171645@okhdfcbank,0
3710752636@okybl,0
6981149089@okybl,0
1497653787@okhdfcbank,0
0674490151@okicici,0
8271640595@oksbi,0
9526125826@okhdfcbank,0
7745223815@okybl,0
6956979142@okicici,0
0523734464@okicici,0
5618561171@okhdfcbank,0
0104310390@okicici,0
2899739841@oksbi,0
8180305340@okicici,0
9704205649@okicici,0
0893640908@okaxis,0
6207596906@okaxis,0
5287596741@oksbi,0
1634496230@okhdfcbank,0
3805312132@okhdfcbank,0
9902285896@okicici,0
2457804007@okybl,0
0214066166@okicici,0
2869092802@oksbi,0
4505835691@okaxis,0
6791117526@okaxis,0
1371627826@oksbi,0
2390287630@okybl,0
4560320947@oksbi,0
5057837405@okybl,0
1432229418@oksbi,0
2041017415@okaxis,0
1934429761@oksbi,0
8763383089@oksbi,0
4185159018@okicici,0
0554991511@okaxis,0
7702312660@okhdfcbank,0
1277568868@okaxis,0
6585134227@okicici,0
8513009960@okicici,0
9475177994@okicici,0
1203047988@oksbi,0
9499281628@okaxis,0
1050658519@okaxis,0
8231626532@okybl,0
9156579406@okaxis,0
5186540464@okybl,0
2563744654@okaxis,0
7573419789@okhdfcbank,0
4227912202@okaxis,0
0195835749@okhdfcbank,0
0747859762@okaxis,0
7923274542@okicici,0
3175200697@okybl,0
2233262057@okhdfcbank,0
5580756758@oksbi,0
0192097577@okicici,0
5273892650@okhdfcbank,0
3065756185@oksbi,0
6147719042@oksbi,0
5476098502@oksbi,0
7811833735@okhdfcbank,0
1847150967@okybl,0
3258389926@okybl,0
2000424227@oksbi,0
3334521938@oksbi,0
5420448187@okybl,0
3740949242@okhdfcbank,0
1491383127@okaxis,0
8820290693@okicici,0
0933926971@oksbi,0
1271978129@okybl,0
2162671574@oksbi,0
5000624736@okhdfcbank,0
6651893850@oksbi,0
7065501652@okybl,0
6803583946@okaxis,0
1959882114@okybl,0
2513772192@okhdfcbank,0
4396925464@okaxis,0
6860370311@okybl,0
9697109642@okhdfcbank,0
8699344815@okaxis,0
5443874423@oksbi,0
7025435456@okaxis,0
0512810434@okicici,0
1322421275@oksbi,0
3251417319@okybl,0
5266795340@oksbi,0
6706292945@okaxis,0
4311964794@okaxis,0
6357356328@okicici,0
5142464441@okicici,0
8373404709@okicici,0
5143816070@okaxis,0
0881188606@okybl,0
4703296519@oksbi,0
7858014473@okicici,0
